rule_id,source_file,source_url,source_heading,source_anchor,source_url_full,rule_summary,rule_detail,example_bad,example_good,severity,rule_strength,detection_confidence,implementation_type,pattern_hint,tags
APPLY-ACCESSIBILITY-PRINCIPLES-001,Apply_accessibility_principles.md,https://www.stylemanual.gov.au/writing-and-designing-content/apply-accessibility-principles,Use WCAG principles to meet user needs,#use-wcag-principles-to-meet-user-needs,https://www.stylemanual.gov.au/writing-and-designing-content/apply-accessibility-principles#use-wcag-principles-to-meet-user-needs,Ensure all images have a text alternative so any user can understand image content.,"WCAG Guideline: text alternatives (Perceivable principle). Any information conveyed in an image must also be available as text, so users who cannot see the image are not excluded.",,All images include descriptive alt text conveying the same information as the image.,error,9,2,manual,,accessibility,wcag,images
APPLY-ACCESSIBILITY-PRINCIPLES-002,Apply_accessibility_principles.md,https://www.stylemanual.gov.au/writing-and-designing-content/apply-accessibility-principles,Use WCAG principles to meet user needs,#use-wcag-principles-to-meet-user-needs,https://www.stylemanual.gov.au/writing-and-designing-content/apply-accessibility-principles#use-wcag-principles-to-meet-user-needs,Provide equivalent text alternatives for all video and audio content.,"WCAG Guideline: time-based media (Perceivable principle). Users who cannot access audio or video must be able to access equivalent information through transcripts or captions.",,Video includes captions and audio includes a transcript.,error,9,2,manual,,accessibility,wcag,multimedia
APPLY-ACCESSIBILITY-PRINCIPLES-003,Apply_accessibility_principles.md,https://www.stylemanual.gov.au/writing-and-designing-content/apply-accessibility-principles,Use WCAG principles to meet user needs,#use-wcag-principles-to-meet-user-needs,https://www.stylemanual.gov.au/writing-and-designing-content/apply-accessibility-principles#use-wcag-principles-to-meet-user-needs,Do not rely on colour or sound alone to convey meaning.,"WCAG Guideline: distinguishable (Perceivable principle). Users who cannot perceive colour differences or audio cues must be able to access the same information through another means such as text labels or patterns.",A red border used alone to indicate an error field.,A red border plus a visible text label 'Error' to indicate an error field.,error,9,2,manual,,accessibility,wcag,colour
APPLY-ACCESSIBILITY-PRINCIPLES-004,Apply_accessibility_principles.md,https://www.stylemanual.gov.au/writing-and-designing-content/apply-accessibility-principles,Use WCAG principles to meet user needs,#use-wcag-principles-to-meet-user-needs,https://www.stylemanual.gov.au/writing-and-designing-content/apply-accessibility-principles#use-wcag-principles-to-meet-user-needs,Ensure content can be presented in different ways without losing information or structure.,"WCAG Guideline: adaptable (Perceivable principle). Content must not depend on a specific visual layout or presentation. Users who change display settings such as font size or orientation must still be able to access all information.",,Content remains meaningful when styles are removed or screen orientation is changed.,error,9,2,manual,,accessibility,wcag,structure
APPLY-ACCESSIBILITY-PRINCIPLES-005,Apply_accessibility_principles.md,https://www.stylemanual.gov.au/writing-and-designing-content/apply-accessibility-principles,Use WCAG principles to meet user needs,#use-wcag-principles-to-meet-user-needs,https://www.stylemanual.gov.au/writing-and-designing-content/apply-accessibility-principles#use-wcag-principles-to-meet-user-needs,Ensure all content is operable by keyboard alone.,"WCAG Guideline: keyboard accessible (Operable principle). Users who cannot use a mouse must be able to access and operate all content and interface elements using only a keyboard.",,All interactive elements are reachable and usable via keyboard Tab and Enter keys.,error,9,2,manual,,accessibility,wcag,keyboard
APPLY-ACCESSIBILITY-PRINCIPLES-006,Apply_accessibility_principles.md,https://www.stylemanual.gov.au/writing-and-designing-content/apply-accessibility-principles,Use WCAG principles to meet user needs,#use-wcag-principles-to-meet-user-needs,https://www.stylemanual.gov.au/writing-and-designing-content/apply-accessibility-principles#use-wcag-principles-to-meet-user-needs,Ensure timed content gives users enough time to read and interact.,"WCAG Guideline: enough time (Operable principle). Users who read or process information slowly must be able to control or extend any time limits on content.",Auto-advancing carousel with no pause control.,Carousel includes pause/stop controls so users can read at their own pace.,error,9,2,manual,,accessibility,wcag,timing
APPLY-ACCESSIBILITY-PRINCIPLES-007,Apply_accessibility_principles.md,https://www.stylemanual.gov.au/writing-and-designing-content/apply-accessibility-principles,Use WCAG principles to meet user needs,#use-wcag-principles-to-meet-user-needs,https://www.stylemanual.gov.au/writing-and-designing-content/apply-accessibility-principles#use-wcag-principles-to-meet-user-needs,Do not create content that causes seizures or physical reactions.,"WCAG Guideline: seizures and physical reactions (Operable principle). Content must not include flashing elements that exceed safe thresholds, as this can trigger seizures in susceptible users.",Rapidly flashing animation exceeding 3 flashes per second.,Static or slow-transition animation within safe flash thresholds.,error,9,2,manual,,accessibility,wcag,seizures
APPLY-ACCESSIBILITY-PRINCIPLES-008,Apply_accessibility_principles.md,https://www.stylemanual.gov.au/writing-and-designing-content/apply-accessibility-principles,Use WCAG principles to meet user needs,#use-wcag-principles-to-meet-user-needs,https://www.stylemanual.gov.au/writing-and-designing-content/apply-accessibility-principles#use-wcag-principles-to-meet-user-needs,Ensure users can navigate content and know where they are on the page.,"WCAG Guideline: navigable (Operable principle). Content must include navigation aids such as page titles, headings, and skip links so users can find information and orient themselves.",,Page includes a descriptive title and logical heading structure to aid navigation.,error,9,2,manual,,accessibility,wcag,navigation
APPLY-ACCESSIBILITY-PRINCIPLES-009,Apply_accessibility_principles.md,https://www.stylemanual.gov.au/writing-and-designing-content/apply-accessibility-principles,Use WCAG principles to meet user needs,#use-wcag-principles-to-meet-user-needs,https://www.stylemanual.gov.au/writing-and-designing-content/apply-accessibility-principles#use-wcag-principles-to-meet-user-needs,Ensure content is operable with input methods other than a keyboard such as a pointer.,"WCAG Guideline: input modalities (Operable principle). Users who interact via touch, stylus, or other pointer devices must be able to operate all content.",,All interactive elements have sufficient touch target size and are usable by pointer input.,error,9,2,manual,,accessibility,wcag,input
APPLY-ACCESSIBILITY-PRINCIPLES-010,Apply_accessibility_principles.md,https://www.stylemanual.gov.au/writing-and-designing-content/apply-accessibility-principles,Use WCAG principles to meet user needs,#use-wcag-principles-to-meet-user-needs,https://www.stylemanual.gov.au/writing-and-designing-content/apply-accessibility-principles#use-wcag-principles-to-meet-user-needs,Write text that can be read and understood including unusual words and shortened forms.,"WCAG Guideline: readable (Understandable principle). Text must be comprehensible to users, with unusual words explained and language of the page declared so assistive technology can interpret it correctly.",,Abbreviations are expanded on first use and the page language is set in the HTML lang attribute.,warn,7,2,manual,,accessibility,wcag,readability,language
APPLY-ACCESSIBILITY-PRINCIPLES-011,Apply_accessibility_principles.md,https://www.stylemanual.gov.au/writing-and-designing-content/apply-accessibility-principles,Use WCAG principles to meet user needs,#use-wcag-principles-to-meet-user-needs,https://www.stylemanual.gov.au/writing-and-designing-content/apply-accessibility-principles#use-wcag-principles-to-meet-user-needs,Design content so users can predict its appearance and how to operate it.,"WCAG Guideline: predictable (Understandable principle). Consistent navigation and behaviour reduce cognitive load and help users anticipate how content works.",Navigation changes position or labelling between pages.,Navigation appears in the same location with the same labels across all pages.,warn,7,2,manual,,accessibility,wcag,consistency
APPLY-ACCESSIBILITY-PRINCIPLES-012,Apply_accessibility_principles.md,https://www.stylemanual.gov.au/writing-and-designing-content/apply-accessibility-principles,Use WCAG principles to meet user needs,#use-wcag-principles-to-meet-user-needs,https://www.stylemanual.gov.au/writing-and-designing-content/apply-accessibility-principles#use-wcag-principles-to-meet-user-needs,Help users avoid and correct input mistakes.,"WCAG Guideline: input assistance (Understandable principle). Forms and interactive elements must include clear labels and error messages so users can identify and fix mistakes.",,Form fields include descriptive labels and inline error messages that specify what needs to be corrected.,error,9,2,manual,,accessibility,wcag,forms,errors
APPLY-ACCESSIBILITY-PRINCIPLES-013,Apply_accessibility_principles.md,https://www.stylemanual.gov.au/writing-and-designing-content/apply-accessibility-principles,Use WCAG principles to meet user needs,#use-wcag-principles-to-meet-user-needs,https://www.stylemanual.gov.au/writing-and-designing-content/apply-accessibility-principles#use-wcag-principles-to-meet-user-needs,Ensure markup supports assistive technology and software used to access content.,"WCAG Guideline: compatible (Robust principle). Content must be built with valid markup so screen readers and other assistive technologies can reliably parse and interpret it.",,HTML is valid and uses semantic elements so assistive technology can correctly interpret content structure.,error,9,2,manual,,accessibility,wcag,markup
APPLY-ACCESSIBILITY-PRINCIPLES-014,Apply_accessibility_principles.md,https://www.stylemanual.gov.au/writing-and-designing-content/apply-accessibility-principles,Follow Style Manual guidance on accessibility requirements,#follow-style-manual-guidance-on-accessibility-requirements,https://www.stylemanual.gov.au/writing-and-designing-content/apply-accessibility-principles#follow-style-manual-guidance-on-accessibility-requirements,Check accessibility requirements in the Style Manual callout boxes when writing on any topic.,"The Style Manual embeds accessibility requirements as callout boxes throughout topic pages. Writers should look for and apply these requirements as they consult guidance on specific topics, not treat accessibility as a separate concern.",,Accessibility callout boxes are reviewed and applied as part of drafting each content type.,info,5,1,manual,,accessibility,wcag,process
HOW-PEOPLE-READ-001,How people read.md,https://www.stylemanual.gov.au/writing-and-designing-content/clear-language-and-writing-style/how-people-read,People skim headings and page structure,#people-skim-headings-and-page-structure,https://www.stylemanual.gov.au/writing-and-designing-content/clear-language-and-writing-style/how-people-read#people-skim-headings-and-page-structure,Write clear page titles that align with the first heading on the page.,Screen reader users hear the page title first. It should match or closely align with the first H1 heading to orient all users immediately.,,warn,8,4,structural,,"headings,accessibility,structure"
HOW-PEOPLE-READ-002,How people read.md,https://www.stylemanual.gov.au/writing-and-designing-content/clear-language-and-writing-style/how-people-read,People skim headings and page structure,#people-skim-headings-and-page-structure,https://www.stylemanual.gov.au/writing-and-designing-content/clear-language-and-writing-style/how-people-read#people-skim-headings-and-page-structure,Organise content with a clear structure using section headings.,Section headings help users navigate and understand where they are on a page. Each heading should describe the topic or the content of the following section.,,warn,8,3,structural,,"headings,structure,accessibility"
HOW-PEOPLE-READ-003,How people read.md,https://www.stylemanual.gov.au/writing-and-designing-content/clear-language-and-writing-style/how-people-read,People skim headings and page structure,#people-skim-headings-and-page-structure,https://www.stylemanual.gov.au/writing-and-designing-content/clear-language-and-writing-style/how-people-read#people-skim-headings-and-page-structure,Do not rely on colour alone to structure pages.,Colour-only structure is inaccessible to users who cannot distinguish colours. Always pair colour with another structural cue such as shape or text.,,error,9,2,manual,,"accessibility,colour,structure"
HOW-PEOPLE-READ-004,How people read.md,https://www.stylemanual.gov.au/writing-and-designing-content/clear-language-and-writing-style/how-people-read,People skim headings and page structure,#people-skim-headings-and-page-structure,https://www.stylemanual.gov.au/writing-and-designing-content/clear-language-and-writing-style/how-people-read#people-skim-headings-and-page-structure,Do not rely on sensory characteristics such as shape or visual location to explain things.,Instructions that depend on visual placement (e.g. 'click the button on the right') exclude users who cannot perceive layout. Use explicit labels or text instead.,"See the button on the left",,error,9,2,manual,,"accessibility,sensory,structure"
HOW-PEOPLE-READ-005,How people read.md,https://www.stylemanual.gov.au/writing-and-designing-content/clear-language-and-writing-style/how-people-read,People skim headings and page structure,#people-skim-headings-and-page-structure,https://www.stylemanual.gov.au/writing-and-designing-content/clear-language-and-writing-style/how-people-read#people-skim-headings-and-page-structure,Present information in accepted patterns such as address blocks and underlined hyperlinks.,Users scan for familiar patterns to find specific information quickly. Deviating from conventions such as underlined links reduces scannability and user trust.,,warn,7,2,manual,,"structure,links,scannability"
HOW-PEOPLE-READ-006,How people read.md,https://www.stylemanual.gov.au/writing-and-designing-content/clear-language-and-writing-style/how-people-read,Content with too many unfamiliar words slows readers down,#content-with-too-many-unfamiliar-words-slows-readers-down,https://www.stylemanual.gov.au/writing-and-designing-content/clear-language-and-writing-style/how-people-read#content-with-too-many-unfamiliar-words-slows-readers-down,Write in plain language using familiar words.,Familiar words that are spelled as they sound are easier to read. Unfamiliar or complex words cause readers to slow down and may impede comprehension.,,warn,8,3,lookup,Match tokens against a high-frequency word list and flag low-frequency tokens,"plain-language,word-choice,readability"
HOW-PEOPLE-READ-007,How people read.md,https://www.stylemanual.gov.au/writing-and-designing-content/clear-language-and-writing-style/how-people-read,Content with too many unfamiliar words slows readers down,#content-with-too-many-unfamiliar-words-slows-readers-down,https://www.stylemanual.gov.au/writing-and-designing-content/clear-language-and-writing-style/how-people-read#content-with-too-many-unfamiliar-words-slows-readers-down,Avoid double negatives.,Double negatives require extra cognitive effort to decode and can obscure meaning for all readers.,"is not unimportant","is important",warn,8,7,regex,\bnot\s+un\w+|\bnot\s+\w+\s+nor\b,"plain-language,readability,grammar"
HOW-PEOPLE-READ-008,How people read.md,https://www.stylemanual.gov.au/writing-and-designing-content/clear-language-and-writing-style/how-people-read,Content with too many unfamiliar words slows readers down,#content-with-too-many-unfamiliar-words-slows-readers-down,https://www.stylemanual.gov.au/writing-and-designing-content/clear-language-and-writing-style/how-people-read#content-with-too-many-unfamiliar-words-slows-readers-down,Expand all acronyms on their first use.,Unexplained acronyms are unfamiliar to many readers and slow comprehension. Always spell out the full form at first mention followed by the acronym in parentheses.,"The DSS will manage the APS reform.","The Department of Social Services (DSS) will manage the Australian Public Service (APS) reform.",error,9,7,regex,"(?<!\()(?<![A-Z]{2})[A-Z]{2,6}(?!\))","plain-language,acronyms,readability"
HOW-PEOPLE-READ-009,How people read.md,https://www.stylemanual.gov.au/writing-and-designing-content/clear-language-and-writing-style/how-people-read,Content with too many unfamiliar words slows readers down,#content-with-too-many-unfamiliar-words-slows-readers-down,https://www.stylemanual.gov.au/writing-and-designing-content/clear-language-and-writing-style/how-people-read#content-with-too-many-unfamiliar-words-slows-readers-down,Avoid or explain unusual words phrases idioms and jargon.,Unusual or idiomatic language creates barriers for readers with lower literacy or non-English backgrounds. Where specialist terms are needed provide a plain-language explanation.,,warn,8,3,lookup,Match tokens against a curated jargon/idiom list and flag unglossed matches,"plain-language,word-choice,readability"
HOW-PEOPLE-READ-010,How people read.md,https://www.stylemanual.gov.au/writing-and-designing-content/clear-language-and-writing-style/how-people-read,Rhythm changes can help or hinder reading,#rhythm-changes-can-help-or-hinder-reading,https://www.stylemanual.gov.au/writing-and-designing-content/clear-language-and-writing-style/how-people-read#rhythm-changes-can-help-or-hinder-reading,Aim for an average sentence length of 15 words per sentence.,Short sentences limit the scope of an idea and are easier to process. Most readers benefit from variety but the average should stay around 15 words.,,warn,7,8,structural,Compute mean word count per sentence across document; flag if mean exceeds 15,"sentences,readability,plain-language"
HOW-PEOPLE-READ-011,How people read.md,https://www.stylemanual.gov.au/writing-and-designing-content/clear-language-and-writing-style/how-people-read,Rhythm changes can help or hinder reading,#rhythm-changes-can-help-or-hinder-reading,https://www.stylemanual.gov.au/writing-and-designing-content/clear-language-and-writing-style/how-people-read#rhythm-changes-can-help-or-hinder-reading,Keep long sentences to no more than 25 words.,Sentences exceeding 25 words are difficult for many readers to parse in a single pass. Break them into shorter units to maintain clarity.,,error,9,9,structural,Count tokens per sentence (excluding punctuation); flag any sentence with more than 25 tokens,"sentences,readability,plain-language"
HOW-PEOPLE-READ-012,How people read.md,https://www.stylemanual.gov.au/writing-and-designing-content/clear-language-and-writing-style/how-people-read,Rhythm changes can help or hinder reading,#rhythm-changes-can-help-or-hinder-reading,https://www.stylemanual.gov.au/writing-and-designing-content/clear-language-and-writing-style/how-people-read#rhythm-changes-can-help-or-hinder-reading,Do not use blocks of capital letters in body text.,All-caps text is harder to read than mixed case. Use capital letters only where grammatically required or for established proper nouns.,"BLOCKS OF CAPITAL LETTERS ARE HARD TO READ.","Blocks of capital letters are hard to read.",error,9,9,regex,[A-Z]{4,},"capitalisation,readability,typography"
HOW-PEOPLE-READ-013,How people read.md,https://www.stylemanual.gov.au/writing-and-designing-content/clear-language-and-writing-style/how-people-read,Rhythm changes can help or hinder reading,#rhythm-changes-can-help-or-hinder-reading,https://www.stylemanual.gov.au/writing-and-designing-content/clear-language-and-writing-style/how-people-read#rhythm-changes-can-help-or-hinder-reading,Use capital letters appropriately to support comprehension of written English.,Overuse or misuse of capitals disrupts reading rhythm. Apply capitals only according to standard grammar and style rules.,,warn,7,4,spacy,Flag tokens in non-initial sentence positions that are fully uppercased and are not known proper nouns or acronyms,"capitalisation,readability,typography"
HOW-PEOPLE-READ-014,How people read.md,https://www.stylemanual.gov.au/writing-and-designing-content/clear-language-and-writing-style/how-people-read,Rhythm changes can help or hinder reading,#rhythm-changes-can-help-or-hinder-reading,https://www.stylemanual.gov.au/writing-and-designing-content/clear-language-and-writing-style/how-people-read#rhythm-changes-can-help-or-hinder-reading,Use new paragraphs and line breaks to help readers build reading rhythm.,Paragraphs give readers a rest and help them locate ideas quickly. Well-placed line breaks keep readers focused and prevent ideas from running together.,,info,5,2,manual,,"paragraphs,structure,readability"
HOW-PEOPLE-READ-015,How people read.md,https://www.stylemanual.gov.au/writing-and-designing-content/clear-language-and-writing-style/how-people-read,Rhythm changes can help or hinder reading,#rhythm-changes-can-help-or-hinder-reading,https://www.stylemanual.gov.au/writing-and-designing-content/clear-language-and-writing-style/how-people-read#rhythm-changes-can-help-or-hinder-reading,Avoid line breaks that split ideas at the wrong place or create too many short lines.,Poorly placed line breaks disrupt reading rhythm. Breaks should coincide with natural idea boundaries not mid-thought.,,warn,6,2,manual,,"paragraphs,structure,readability"
LITERACY-AND-ACCESS-001,Literacy and access.md,https://www.stylemanual.gov.au/writing-and-designing-content/literacy-and-access,Clear content helps all users,#clear-content-helps-all-users,https://www.stylemanual.gov.au/writing-and-designing-content/literacy-and-access#clear-content-helps-all-users,Write content at reading level 2 (Australian year 7 equivalent).,"Content should target a year 7 reading level so it is accessible to the majority of Australian adults. About 44% of adults read at literacy level 1 to 2, making plain language essential for broad access.",,Check that your content is a reading level 2 (Australian year 7 equivalent).,warn,8,2,manual,,literacy,plain-language,readability
LITERACY-AND-ACCESS-002,Literacy and access.md,https://www.stylemanual.gov.au/writing-and-designing-content/literacy-and-access,Accessibility requirements,#accessibility-requirements,https://www.stylemanual.gov.au/writing-and-designing-content/literacy-and-access#accessibility-requirements,Write in plain language to meet accessibility requirements.,"Plain language is a fundamental accessibility requirement. It helps all users and is essential for those with low literacy. WCAG 3.1.5 requires content to be readable at lower secondary education level (year 7).",,Write in plain language.,error,9,2,manual,,literacy,plain-language,accessibility
LITERACY-AND-ACCESS-003,Literacy and access.md,https://www.stylemanual.gov.au/writing-and-designing-content/literacy-and-access,Accessibility requirements,#accessibility-requirements,https://www.stylemanual.gov.au/writing-and-designing-content/literacy-and-access#accessibility-requirements,Avoid unusual words and phrases or explain them when they must be used.,"Unusual words, phrases and idioms create barriers for users with low literacy. If an unusual term is unavoidable, provide an explanation. This supports WCAG 3.1.3 (Unusual words).",Using jargon or idioms without explanation,Avoid (or explain) unusual words phrases idioms and so on.,warn,8,3,spacy,Flag tokens not in a high-frequency word list (e.g. top 5000 AE words),"literacy,plain-language,vocabulary"
LITERACY-AND-ACCESS-004,Literacy and access.md,https://www.stylemanual.gov.au/writing-and-designing-content/literacy-and-access,Accessibility requirements,#accessibility-requirements,https://www.stylemanual.gov.au/writing-and-designing-content/literacy-and-access#accessibility-requirements,Expand all acronyms on their first use.,"All acronyms and initialisms must be written out in full the first time they appear in a document or page, supporting WCAG 3.1.4 (Abbreviations). This aids users unfamiliar with specialist terminology.",APS manages HR policy.,The Australian Public Service (APS) manages human resources (HR) policy.,error,9,7,structural,"Regex for pattern [A-Z]{2,} not preceded by its expansion earlier in the document","literacy,abbreviations,accessibility"
LITERACY-AND-ACCESS-005,Literacy and access.md,https://www.stylemanual.gov.au/writing-and-designing-content/literacy-and-access,Accessibility requirements,#accessibility-requirements,https://www.stylemanual.gov.au/writing-and-designing-content/literacy-and-access#accessibility-requirements,Do not use double negatives.,"Double negatives make content harder to understand for all readers, especially those with low literacy. Rewrite to express the positive meaning directly.",It is not uncommon for applicants to be unsuccessful.,It is common for applicants to be unsuccessful.,error,9,6,spacy,"Detect negation token (not/no) modifying another negated word (e.g. 'not un-', 'not without', 'cannot fail to')","literacy,plain-language,grammar"
LITERACY-AND-ACCESS-006,Literacy and access.md,https://www.stylemanual.gov.au/writing-and-designing-content/literacy-and-access,Understanding users,#understanding-users,https://www.stylemanual.gov.au/writing-and-designing-content/literacy-and-access#understanding-users,Do user research before writing; do not assume all users can read and understand your content.,"Writers should not assume a uniform literacy level among their audience. Conduct user research to understand the range of literacy needs and ensure content meets those needs.",,Before you start writing do user research.,warn,7,1,manual,,literacy,user-research
LITERACY-AND-ACCESS-007,Literacy and access.md,https://www.stylemanual.gov.au/writing-and-designing-content/literacy-and-access,Understanding users,#understanding-users,https://www.stylemanual.gov.au/writing-and-designing-content/literacy-and-access#understanding-users,Ensure users with low literacy have equal access to government services and information.,"Content must be accessible regardless of a user's literacy level. Consider alternative channels and formats so that users who cannot engage with written digital content can still access services without repetition or confusion.",,Ensure users with low literacy have equal access.,warn,7,1,manual,,literacy,accessibility,inclusion
MAKE-CONTENT-ACCESSIBLE-001,Make content accessible.md,https://www.stylemanual.gov.au/writing-and-designing-content/make-content-accessible,Make content accessible,#make-content-accessible,https://www.stylemanual.gov.au/writing-and-designing-content/make-content-accessible#make-content-accessible,Design government content to be accessible and inclusive for all users.,"Government services and products must be available to everyone. Inclusive content recognises Australia's diversity and the range of technologies and abilities users bring. This is a requirement under the Digital Service Standard.",,Design accessible and inclusive content.,error,9,1,manual,,"accessibility,inclusion,plain-language"
MAKE-CONTENT-ACCESSIBLE-002,Make content accessible.md,https://www.stylemanual.gov.au/writing-and-designing-content/make-content-accessible,Make content accessible,#make-content-accessible,https://www.stylemanual.gov.au/writing-and-designing-content/make-content-accessible#make-content-accessible,Ensure digital government services are usable and accessible as required by the Digital Service Standard.,"The Digital Service Standard mandates that Australian Government digital services be both usable and accessible. Content creators must follow accessibility guidance to meet this legal and policy obligation.",,Ensure digital services are usable and accessible.,error,9,1,manual,,"accessibility,digital-service-standard,compliance"
MAKE-CONTENT-ACCESSIBLE-003,Make content accessible.md,https://www.stylemanual.gov.au/writing-and-designing-content/make-content-accessible,Make content accessible,#make-content-accessible,https://www.stylemanual.gov.au/writing-and-designing-content/make-content-accessible#make-content-accessible,Account for cultural and linguistic diversity when creating content.,"Inclusive content must accommodate users from diverse cultural and linguistic backgrounds. Writers should consider whether language choices, examples and references are accessible to users for whom English is not a first language.",,,"warn",7,1,manual,,"accessibility,inclusion,cultural-diversity,plain-language"
MAKE-CONTENT-ACCESSIBLE-004,Make content accessible.md,https://www.stylemanual.gov.au/writing-and-designing-content/make-content-accessible,Make content accessible,#make-content-accessible,https://www.stylemanual.gov.au/writing-and-designing-content/make-content-accessible#make-content-accessible,Account for diversity of abilities among users when creating content.,"Inclusive content must accommodate users with a range of abilities. Content design should not assume all users interact with technology in the same way or have the same physical or cognitive capabilities.",,,warn,7,1,manual,,"accessibility,inclusion,disability"
MAKE-CONTENT-ACCESSIBLE-005,Make content accessible.md,https://www.stylemanual.gov.au/writing-and-designing-content/make-content-accessible,Follow accessibility guidance in context,#follow-accessibility-guidance-in-context,https://www.stylemanual.gov.au/writing-and-designing-content/make-content-accessible#follow-accessibility-guidance-in-context,Follow the accessibility requirements provided in each Style Manual topic.,Each Style Manual topic includes specific accessibility callouts indicating what is required. Writers must act on these contextual requirements rather than treating accessibility as a separate concern.,,,error,8,1,manual,,"accessibility,compliance"
AUSTRALIAN-PLACE-NAMES-001,Australian place names.md,https://www.stylemanual.gov.au/grammar-punctuation-and-conventions/names-and-terms/australian-place-names,Spelling and capitalisation,#spelling-and-capitalisation,https://www.stylemanual.gov.au/grammar-punctuation-and-conventions/names-and-terms/australian-place-names#spelling-and-capitalisation,Do not use diacritical marks in Australian place names.,Australian place names use a standard 26-character alphabet without accent marks or diacritics. When names from other languages are adopted as official Australian place names they lose any diacritical marks.,d'Entrecasteaux,D'Entrecasteaux,error,9,5,lookup,Match known place names with diacritics against official spellings,"place-names,capitalisation,spelling"
AUSTRALIAN-PLACE-NAMES-002,Australian place names.md,https://www.stylemanual.gov.au/grammar-punctuation-and-conventions/names-and-terms/australian-place-names,Spelling and capitalisation,#spelling-and-capitalisation,https://www.stylemanual.gov.au/grammar-punctuation-and-conventions/names-and-terms/australian-place-names#spelling-and-capitalisation,Do not write Australian place names in possessive form.,Official Australian place names are not possessive. Remove any possessive apostrophe-s from place name usage.,Baden-Powell's Waterhole,Baden-Powell Waterhole,error,9,7,regex,\b[A-Z][a-zA-Z\-]+'s\s+[A-Z],"place-names,punctuation,apostrophes"
AUSTRALIAN-PLACE-NAMES-003,Australian place names.md,https://www.stylemanual.gov.au/grammar-punctuation-and-conventions/names-and-terms/australian-place-names,Spelling and capitalisation,#spelling-and-capitalisation,https://www.stylemanual.gov.au/grammar-punctuation-and-conventions/names-and-terms/australian-place-names#spelling-and-capitalisation,Do not add punctuation to Australian place names unless part of the official name.,Australian place names generally do not have punctuation. Only hyphens and apostrophes that were part of the name of a commemorated person appear in official names.,Baden Powell waterhole,Baden-Powell Waterhole,error,8,3,manual,,"place-names,punctuation"
AUSTRALIAN-PLACE-NAMES-004,Australian place names.md,https://www.stylemanual.gov.au/grammar-punctuation-and-conventions/names-and-terms/australian-place-names,Spelling and capitalisation,#spelling-and-capitalisation,https://www.stylemanual.gov.au/grammar-punctuation-and-conventions/names-and-terms/australian-place-names#spelling-and-capitalisation,Capitalise all words in an Australian place name that form part of the proper noun.,Australian place names are proper nouns and require capitalisation. Words that do not usually take a capital letter do so when part of a place name.,Baden Powell waterhole,Baden-Powell Waterhole,error,9,6,spacy,Check that all tokens forming a recognised place name are title-cased,"place-names,capitalisation"
AUSTRALIAN-PLACE-NAMES-005,Australian place names.md,https://www.stylemanual.gov.au/grammar-punctuation-and-conventions/names-and-terms/australian-place-names,Punctuation,#punctuation,https://www.stylemanual.gov.au/grammar-punctuation-and-conventions/names-and-terms/australian-place-names#punctuation,Separate the two parts of an official dual place name with a spaced forward slash.,When writing official dual names (combining a First Nations name and an English name) use a spaced forward slash between the two parts in the order given in the official record.,Kata Tjuta/Mount Olga,Kata Tjuta / Mount Olga,error,9,8,regex,"[A-Za-z]/[A-Za-z](?!\s*/\s*)","place-names,punctuation,dual-names"
AUSTRALIAN-PLACE-NAMES-006,Australian place names.md,https://www.stylemanual.gov.au/grammar-punctuation-and-conventions/names-and-terms/australian-place-names,Use capitals for names of places roads and streets,#use-capitals-for-names-of-places-roads-and-streets,https://www.stylemanual.gov.au/grammar-punctuation-and-conventions/names-and-terms/australian-place-names#use-capitals-for-names-of-places-roads-and-streets,Use an initial capital for every word in the name of a road street or thoroughfare.,The names of roads streets and other thoroughfares take an initial capital even for words that would not normally be capitalised. This applies to streets avenues highways terraces and similar.,monaro highway,Monaro Highway,error,9,6,spacy,Named entity recognition for streets/roads followed by type word (Street Avenue Road etc) — check title case,"place-names,capitalisation,streets"
AUSTRALIAN-PLACE-NAMES-007,Australian place names.md,https://www.stylemanual.gov.au/grammar-punctuation-and-conventions/names-and-terms/australian-place-names,Use shortened forms for addresses,#use-shortened-forms-for-addresses,https://www.stylemanual.gov.au/grammar-punctuation-and-conventions/names-and-terms/australian-place-names#use-shortened-forms-for-addresses,Do not add punctuation marks to address abbreviations or contractions.,Address shortened forms such as Blvd Av and Rd do not take full stops or other punctuation. Minimal punctuation style applies to all address abbreviations.,Bendemeer Blvd.,Bendemeer Blvd,error,9,9,regex,\b(St|Rd|Av|Dr|Ct|Cr|Pl|Tce|Hwy|Pde|Esp|Gr|Hts|Cct|Blvd)\.,  "place-names,punctuation,addresses,abbreviations"
AUSTRALIAN-PLACE-NAMES-008,Australian place names.md,https://www.stylemanual.gov.au/grammar-punctuation-and-conventions/names-and-terms/australian-place-names,Shortened state and territory names for addresses,#shortened-state-and-territory-names-for-addresses,https://www.stylemanual.gov.au/grammar-punctuation-and-conventions/names-and-terms/australian-place-names#shortened-state-and-territory-names-for-addresses,Write the last line of a domestic postal address in full capitals without punctuation or underlining.,The final line of a letter address must contain the place name or post office of delivery in capitals followed by the state or territory abbreviation and postcode with no punctuation.,11 Banks Av / wagga wagga nsw 2650,11 Banks Av / WAGGA WAGGA NSW 2650,error,9,7,regex,Check last line of address block for all-caps town name followed by state abbreviation and postcode,"place-names,addresses,capitalisation"
AUSTRALIAN-PLACE-NAMES-009,Australian place names.md,https://www.stylemanual.gov.au/grammar-punctuation-and-conventions/names-and-terms/australian-place-names,Shortened state and territory names for addresses,#shortened-state-and-territory-names-for-addresses,https://www.stylemanual.gov.au/grammar-punctuation-and-conventions/names-and-terms/australian-place-names#shortened-state-and-territory-names-for-addresses,Spell out all names in full when writing overseas addresses.,When sending mail overseas abbreviate nothing to prevent confusion. For example 'SA' could mean South Australia or South Africa to an international reader.,"11 Banks Av, Wagga Wagga SA 2650 [on overseas mail]","11 Banks Av, Wagga Wagga South Australia 2650 [on overseas mail]",warn,8,2,manual,,"place-names,addresses,international"
AUSTRALIAN-PLACE-NAMES-010,Australian place names.md,https://www.stylemanual.gov.au/grammar-punctuation-and-conventions/names-and-terms/australian-place-names,Write the names of buildings structures and public places with an initial capital,#write-the-names-of-buildings-structures-and-public-places-with-an-initial-capital,https://www.stylemanual.gov.au/grammar-punctuation-and-conventions/names-and-terms/australian-place-names#write-the-names-of-buildings-structures-and-public-places-with-an-initial-capital,Capitalise the names of buildings structures and public places.,Names of buildings structures and public places take initial capitals. When referring to the same place generically afterwards use lower case for the generic term.,the cathedral [after naming St Paul's Cathedral],St Paul's Cathedral,error,9,5,spacy,NER for building/structure/place names — check initial caps on all name tokens then lower case on subsequent generic reference,"place-names,capitalisation,buildings"
AUSTRALIAN-PLACE-NAMES-011,Australian place names.md,https://www.stylemanual.gov.au/grammar-punctuation-and-conventions/names-and-terms/australian-place-names,Write the names of buildings structures and public places with an initial capital,#write-the-names-of-buildings-structures-and-public-places-with-an-initial-capital,https://www.stylemanual.gov.au/grammar-punctuation-and-conventions/names-and-terms/australian-place-names#write-the-names-of-buildings-structures-and-public-places-with-an-initial-capital,Write generic and plural terms for buildings or structures in lower case.,When a generic term such as 'cathedral' or 'bridge' is used after a proper name or in a plural context it is lowercase. Only the specific proper name takes capitals.,The Iron Cove and Gladesville Bridges are both in Sydney.,The Iron Cove and Gladesville bridges are both in Sydney.,error,8,5,spacy,Detect capitalised generic building/structure type word (Bridge Cathedral Station etc) appearing after a proper noun or in plural context,"place-names,capitalisation,buildings"
AUSTRALIAN-PLACE-NAMES-012,Australian place names.md,https://www.stylemanual.gov.au/grammar-punctuation-and-conventions/names-and-terms/australian-place-names,Write the names of buildings structures and public places with an initial capital,#write-the-names-of-buildings-structures-and-public-places-with-an-initial-capital,https://www.stylemanual.gov.au/grammar-punctuation-and-conventions/names-and-terms/australian-place-names#write-the-names-of-buildings-structures-and-public-places-with-an-initial-capital,Use initial capitals for the names of private properties.,Names of private properties such as stations homesteads and rural holdings take initial capitals just as other proper place names do.,,Thargomindah Station,warn,7,3,manual,,"place-names,capitalisation,private-properties"
AUSTRALIAN-PLACE-NAMES-013,Australian place names.md,https://www.stylemanual.gov.au/grammar-punctuation-and-conventions/names-and-terms/australian-place-names,Shorten names for states and territories in 4 situations,#shorten-names-for-states-and-territories-in-4-situations,https://www.stylemanual.gov.au/grammar-punctuation-and-conventions/names-and-terms/australian-place-names#shorten-names-for-states-and-territories-in-4-situations,Spell out the full names of Australian states and territories in formal content.,Shortened forms of state and territory names are only acceptable in four specific situations: as an adjective when space is limited when repetition would result or in addresses. In formal contexts always write the full name.,NSW Government [in formal document body],New South Wales Government [in formal document body],warn,7,3,spacy,Detect NSW VIC QLD WA SA TAS ACT NT not used as adjective or in address context in formal text,"place-names,states-territories,abbreviations"
AUSTRALIAN-PLACE-NAMES-014,Australian place names.md,https://www.stylemanual.gov.au/grammar-punctuation-and-conventions/names-and-terms/australian-place-names,Shorten names for states and territories in 4 situations,#shorten-names-for-states-and-territories-in-4-situations,https://www.stylemanual.gov.au/grammar-punctuation-and-conventions/names-and-terms/australian-place-names#shorten-names-for-states-and-territories-in-4-situations,Do not use a full stop after shortened forms of state and territory names.,This rule applies to all shortened forms: initialisms (NSW WA ACT NT) abbreviations (Vic Tas) and the contraction (Qld). No full stop is used after any of these forms.,N.S.W. or Vic.,NSW or Vic,error,9,9,regex,\b(N\.S\.W\.|V\.I\.C\.|Q\.L\.D\.|W\.A\.|S\.A\.|T\.A\.S\.|A\.C\.T\.|N\.T\.|Vic\.|Tas\.|Qld\.),"place-names,states-territories,abbreviations,punctuation"
CLAUSES-001,Clauses.md,https://www.stylemanual.gov.au/grammar-punctuation-and-conventions/parts-sentences/clauses,Adverbial clauses,#adverbial-clauses,https://www.stylemanual.gov.au/grammar-punctuation-and-conventions/parts-sentences/clauses#adverbial-clauses,Use a comma after an introductory adverbial clause to mark the start of the main clause.,"When an adverbial clause precedes the main clause, a comma separates them. Without the comma, the subject of the main clause can be hard to identify.",When I met with Eun-jung Deng met with Evelyn.,When I met with Eun-jung Deng met with Evelyn. → When I met with Eun-jung[,] Deng met with Evelyn.,error,8,5,spacy,Detect adverbial subordinating conjunction opening a sentence followed by a clause boundary without a comma,"clauses,punctuation,commas"
CLAUSES-002,Clauses.md,https://www.stylemanual.gov.au/grammar-punctuation-and-conventions/parts-sentences/clauses,Conjunctions 'if' and 'whether',#conjunctions-if-and-whether,https://www.stylemanual.gov.au/grammar-punctuation-and-conventions/parts-sentences/clauses#conjunctions-if-and-whether,Use 'whether' instead of 'if' when expressing two concrete possibilities.,"'If' is conditional and states a condition for the main clause to be true. 'Whether' indicates two possibilities. Using 'if' where 'whether' is intended can produce ambiguous sentences.",We asked if he was working from home or from the office.,We asked whether he was working from home or from the office.,warn,7,5,spacy,"Detect 'if' followed by a clause containing 'or', suggesting two possibilities rather than a condition","clauses,conjunctions,word-choice"
CLAUSES-003,Clauses.md,https://www.stylemanual.gov.au/grammar-punctuation-and-conventions/parts-sentences/clauses,Conjunctions 'if' and 'whether',#conjunctions-if-and-whether,https://www.stylemanual.gov.au/grammar-punctuation-and-conventions/parts-sentences/clauses#conjunctions-if-and-whether,Use 'if' only to express a condition and not to introduce two alternatives.,"'If' defines a condition that must exist for the main clause to be true. When two explicit alternatives are present, 'whether' is the correct conjunction.",,We can eat lunch outside if the rain stops.,warn,7,3,spacy,Detect 'if' clause without 'or' alternative to confirm conditional use is appropriate,"clauses,conjunctions,word-choice"
LISTS-001,Lists.md,https://www.stylemanual.gov.au/structuring-content/lists,Structure items in a series as a list,#structure-items-in-a-series-as-a-list,https://www.stylemanual.gov.au/structuring-content/lists#structure-items-in-a-series-as-a-list,Do not create a list with only one item.,Lists are for a series of items only. A single item should be incorporated into prose instead. Using a list for one item misrepresents the content structure.,,,error,9,6,structural,,lists
LISTS-002,Lists.md,https://www.stylemanual.gov.au/structuring-content/lists,Structure items in a series as a list,#structure-items-in-a-series-as-a-list,https://www.stylemanual.gov.au/structuring-content/lists#structure-items-in-a-series-as-a-list,Always introduce a list with a lead-in phrase or heading.,"All lists require a lead-in (a phrase or sentence) or a heading to introduce them. A list without a lead-in lacks context for the reader.",,,error,9,4,structural,,lists
LISTS-003,Lists.md,https://www.stylemanual.gov.au/structuring-content/lists,Make short lists,#make-short-lists,https://www.stylemanual.gov.au/structuring-content/lists#make-short-lists,Move long lists to a separate page or an appendix.,"Long lists lose meaning and hierarchy because lower items are further from the lead-in. If a list is too long, move it out of the main content flow.",,,warn,7,3,structural,,lists
LISTS-004,Lists.md,https://www.stylemanual.gov.au/structuring-content/lists,Limit the number of lists,#limit-the-number-of-lists,https://www.stylemanual.gov.au/structuring-content/lists#limit-the-number-of-lists,Avoid using too many lists in a single document or page.,"Content with too many lists is hard to follow. Lists should be used selectively so that prose can flow and readers can engage with the content naturally.",,,warn,6,2,manual,,lists
LISTS-005,Lists.md,https://www.stylemanual.gov.au/structuring-content/lists,Write list items so they have parallel structure,#write-list-items-so-they-have-parallel-structure,https://www.stylemanual.gov.au/structuring-content/lists#write-list-items-so-they-have-parallel-structure,Write all list items using the same grammatical structure.,"All items should start with the same word type (e.g. all verbs or all nouns) and use the same tense and sentence type. Mixing structures makes lists harder to scan and understand.","- reading more emails\n- going to meetings\n- punctual.","- read more emails\n- go to meetings\n- be punctual.",warn,8,4,spacy,Check that the first token POS tag is consistent across all list items,"lists,grammar"
LISTS-006,Lists.md,https://www.stylemanual.gov.au/structuring-content/lists,Write list items so they have parallel structure,#write-list-items-so-they-have-parallel-structure,https://www.stylemanual.gov.au/structuring-content/lists#write-list-items-so-they-have-parallel-structure,Move repeated words from list items into the lead-in.,Words that appear in every list item are redundant in the items themselves. Moving them to the lead-in reduces repetition and improves readability.,,,warn,7,3,spacy,Detect identical leading tokens across all list items in a list,"lists,grammar"
LISTS-007,Lists.md,https://www.stylemanual.gov.au/structuring-content/lists,Punctuate lead-ins and headings consistently,#punctuate-lead-ins-and-headings-consistently,https://www.stylemanual.gov.au/structuring-content/lists#punctuate-lead-ins-and-headings-consistently,Always end phrase lead-ins with a colon.,"Phrase lead-ins (incomplete sentences introducing a list) must always end with a colon (:). This is not optional — it is required by current government style.",,,error,9,7,regex,(?<!\:)\s*\n\s*[-•*1-9],"lists,punctuation"
LISTS-008,Lists.md,https://www.stylemanual.gov.au/structuring-content/lists,Punctuate lead-ins and headings consistently,#punctuate-lead-ins-and-headings-consistently,https://www.stylemanual.gov.au/structuring-content/lists#punctuate-lead-ins-and-headings-consistently,End sentence lead-ins with either a colon or a full stop but use only one style throughout a document.,"Sentence lead-ins may end with a colon or full stop. Whichever is chosen must be used consistently for all sentence lead-ins in the document. When in doubt a colon is preferred as the more common choice.",,,warn,7,3,structural,,lists,punctuation
LISTS-009,Lists.md,https://www.stylemanual.gov.au/structuring-content/lists,Punctuate lead-ins and headings consistently,#punctuate-lead-ins-and-headings-consistently,https://www.stylemanual.gov.au/structuring-content/lists#punctuate-lead-ins-and-headings-consistently,Do not add punctuation marks to headings that introduce lists.,"Headings used in place of lead-ins must not end with a colon or any other punctuation mark. Punctuation on headings is not part of current government style.",,,error,9,8,regex,^#{1,6}.+[:;.]\s*$,"lists,punctuation,headings"
LISTS-010,Lists.md,https://www.stylemanual.gov.au/structuring-content/lists,Use minimal punctuation for all lists,#use-minimal-punctuation-for-all-lists,https://www.stylemanual.gov.au/structuring-content/lists#use-minimal-punctuation-for-all-lists,Do not use semicolons at the end of bullet or numbered list items.,"Current government style requires minimal punctuation in lists. Semicolons at the end of list items are unnecessary and create visual clutter.",- read more emails;,- read more emails,error,9,10,regex,[;]\s*$,"lists,punctuation"
LISTS-011,Lists.md,https://www.stylemanual.gov.au/structuring-content/lists,Use minimal punctuation for all lists,#use-minimal-punctuation-for-all-lists,https://www.stylemanual.gov.au/structuring-content/lists#use-minimal-punctuation-for-all-lists,Do not use commas at the end of bullet or numbered list items.,"Current government style requires minimal punctuation in lists. Commas at the end of list items are unnecessary and should be removed.",- read more emails,,- read more emails,error,9,10,regex,[,]\s*$,"lists,punctuation"
LISTS-012,Lists.md,https://www.stylemanual.gov.au/structuring-content/lists,Use minimal punctuation for all lists,#use-minimal-punctuation-for-all-lists,https://www.stylemanual.gov.au/structuring-content/lists#use-minimal-punctuation-for-all-lists,Do not use 'and' or 'or' after list items unless essential for legal clarity.,"Minimal punctuation style omits conjunctions after list items. Only include 'and' or 'or' after the second-last item if the legal or logical meaning would otherwise be ambiguous. Note this in the lead-in.",- read more emails and,,warn,7,7,regex,\b(and|or)\s*[.;,]?\s*$,"lists,punctuation"
LISTS-013,Lists.md,https://www.stylemanual.gov.au/structuring-content/lists,Use minimal punctuation for all lists,#use-minimal-punctuation-for-all-lists,https://www.stylemanual.gov.au/structuring-content/lists#use-minimal-punctuation-for-all-lists,Do not write 'etc.' at the end of a list to indicate it is incomplete.,Using 'etc.' at the end of a list is not permitted under current government style. If a list is incomplete use an appropriate lead-in such as 'for example' or 'including' instead.,"- islands\n- coral reefs\n- etc.","- islands\n- coral reefs",error,9,10,regex,\betc\.?\s*$,"lists,punctuation"
LISTS-014,Lists.md,https://www.stylemanual.gov.au/structuring-content/lists,Use minimal punctuation for all lists,#use-minimal-punctuation-for-all-lists,https://www.stylemanual.gov.au/structuring-content/lists#use-minimal-punctuation-for-all-lists,Use 'for example' or 'including' in the lead-in to signal an incomplete list.,Lead-ins for incomplete lists should signal this with 'for example' or 'including' or 'includes'. This replaces the prohibited use of 'etc.' and is clearer for readers.,,,info,5,4,spacy,Detect list preceded by lead-in lacking 'for example' or 'including' where list appears non-exhaustive,"lists,punctuation"
LISTS-015,Lists.md,https://www.stylemanual.gov.au/structuring-content/lists,Use full stops to complete sentences and fragment lists,#use-full-stops-to-complete-sentences-and-fragment-lists,https://www.stylemanual.gov.au/structuring-content/lists#use-full-stops-to-complete-sentences-and-fragment-lists,Finish every item in a sentence list with a full stop.,"Each item in a sentence list is a complete sentence and must end with a full stop, including the last item. Omitting full stops may cause screen readers to run list items into the following paragraph.",,,error,9,8,regex,^[-•*]\s+[A-Z].+[^.!?]\s*$,"lists,punctuation,accessibility"
LISTS-016,Lists.md,https://www.stylemanual.gov.au/structuring-content/lists,Use full stops to complete sentences and fragment lists,#use-full-stops-to-complete-sentences-and-fragment-lists,https://www.stylemanual.gov.au/structuring-content/lists#use-full-stops-to-complete-sentences-and-fragment-lists,Finish only the last item of a fragment list with a full stop.,"Fragment list items are not complete sentences. Only the final item should end with a full stop; all preceding items should have no terminal punctuation. This signals the end of the list to screen readers.",,,error,9,7,structural,,lists,punctuation,accessibility
LISTS-017,Lists.md,https://www.stylemanual.gov.au/structuring-content/lists,Use full stops to complete sentences and fragment lists,#use-full-stops-to-complete-sentences-and-fragment-lists,https://www.stylemanual.gov.au/structuring-content/lists#use-full-stops-to-complete-sentences-and-fragment-lists,Do not end stand-alone list items with a full stop.,Stand-alone lists (introduced by a heading rather than a lead-in) do not use full stops on any item. Adding full stops to stand-alone list items is a formatting error.,,- Answer phone enquiries,error,8,7,structural,,lists,punctuation
LISTS-018,Lists.md,https://www.stylemanual.gov.au/structuring-content/lists,Sentence lists,#sentence-lists,https://www.stylemanual.gov.au/structuring-content/lists#sentence-lists,Start each sentence list item with a capital letter.,"Sentence list items are complete sentences and must follow normal sentence structure, beginning with a capital letter. This is a basic grammatical requirement for sentence lists.",,,error,9,9,regex,^[-•*\d+\.]\s+[a-z],"lists,punctuation,sentence-lists"
LISTS-019,Lists.md,https://www.stylemanual.gov.au/structuring-content/lists,Sentence lists,#sentence-lists,https://www.stylemanual.gov.au/structuring-content/lists#sentence-lists,Avoid including multiple sentences in a single sentence list item.,"Each item in a sentence list should contain only one sentence. Multiple sentences per item make the list harder to scan and dilute the list format's benefit for users.",,,warn,7,5,spacy,Detect list items containing more than one sentence boundary (full stop followed by capital letter within item),"lists,sentence-lists"
LISTS-020,Lists.md,https://www.stylemanual.gov.au/structuring-content/lists,Sentence lists,#sentence-lists,https://www.stylemanual.gov.au/structuring-content/lists#sentence-lists,Align run-over lines of sentence list items with the text not the bullet or number.,When a sentence list item wraps to a second line the continuation should align with the text character not the bullet or number character. This improves readability and visual consistency.,,,info,6,2,manual,,lists,sentence-lists,formatting
LISTS-021,Lists.md,https://www.stylemanual.gov.au/structuring-content/lists,Fragment lists,#fragment-lists,https://www.stylemanual.gov.au/structuring-content/lists#fragment-lists,Start fragment list items with a lower-case letter unless the item begins with a proper noun.,"Fragment list items are not complete sentences so they should not begin with a capital letter, unless the first word is a proper noun. This distinguishes fragments from sentence lists.","- Islands and coral reefs\n- Abundant wildlife","- islands and coral reefs\n- abundant wildlife",error,9,7,regex,"^[-•*]\s+[A-Z][a-z]","lists,fragment-lists,punctuation"
LISTS-022,Lists.md,https://www.stylemanual.gov.au/structuring-content/lists,Fragment lists,#fragment-lists,https://www.stylemanual.gov.au/structuring-content/lists#fragment-lists,Introduce fragment lists with a sentence or phrase lead-in followed by a colon.,Fragment lists must have a lead-in that ends with a colon. The lead-in frames the fragments so that each item grammatically completes the lead-in as a sentence.,,,error,9,7,regex,(?<!\:)\s*\n\s*[-•*],"lists,fragment-lists,punctuation"
LISTS-023,Lists.md,https://www.stylemanual.gov.au/structuring-content/lists,Fragment lists,#fragment-lists,https://www.stylemanual.gov.au/structuring-content/lists#fragment-lists,Ensure each fragment list item grammatically completes the lead-in as a sentence.,Each fragment must make grammatical sense when read together with the lead-in. If an item cannot complete the lead-in the list structure or lead-in needs revision.,,,warn,7,2,manual,,lists,fragment-lists,grammar
LISTS-024,Lists.md,https://www.stylemanual.gov.au/structuring-content/lists,Stand-alone lists,#stand-alone-lists,https://www.stylemanual.gov.au/structuring-content/lists#stand-alone-lists,Introduce stand-alone lists with a heading not a lead-in sentence.,Stand-alone lists appear under a heading rather than a prose lead-in. Using a sentence lead-in instead of a heading is incorrect for this list type.,,,warn,7,3,structural,,lists,stand-alone-lists
LISTS-025,Lists.md,https://www.stylemanual.gov.au/structuring-content/lists,Stand-alone lists,#stand-alone-lists,https://www.stylemanual.gov.au/structuring-content/lists#stand-alone-lists,Do not end the heading of a stand-alone list with a colon.,The heading that introduces a stand-alone list must not end with a colon or other punctuation mark. Colons are reserved for phrase and sentence lead-ins not headings.,"My weekly tasks:","My weekly tasks",error,9,8,regex,^#{1,6}.+:\s*$,"lists,stand-alone-lists,punctuation,headings"
LISTS-026,Lists.md,https://www.stylemanual.gov.au/structuring-content/lists,Stand-alone lists,#stand-alone-lists,https://www.stylemanual.gov.au/structuring-content/lists#stand-alone-lists,Start each stand-alone list item with a capital letter.,"Stand-alone list items begin with a capital letter. This distinguishes them from fragment list items, which begin with lower case.",,,error,9,8,regex,^[-•*]\s+[a-z],"lists,stand-alone-lists,punctuation"
LISTS-027,Lists.md,https://www.stylemanual.gov.au/structuring-content/lists,Use consistent formatting for all lists,#use-consistent-formatting-for-all-lists,https://www.stylemanual.gov.au/structuring-content/lists#use-consistent-formatting-for-all-lists,Do not mix different list types within a single list.,A single list must use only one list type throughout. Mixing sentence list items with fragment items or stand-alone items within the same list is a formatting error.,,,error,8,4,structural,,lists,formatting
LISTS-028,Lists.md,https://www.stylemanual.gov.au/structuring-content/lists,Write numbered lists if the order is critical,#write-numbered-lists-if-the-order-is-critical,https://www.stylemanual.gov.au/structuring-content/lists#write-numbered-lists-if-the-order-is-critical,Use a numbered list when the order of items is critical.,"Numbered lists signal that sequence matters, such as in step-by-step instructions. If order is not critical use a bullet list instead.",,,warn,7,2,manual,,lists,numbered-lists
LISTS-029,Lists.md,https://www.stylemanual.gov.au/structuring-content/lists,Write numbered lists if the order is critical,#write-numbered-lists-if-the-order-is-critical,https://www.stylemanual.gov.au/structuring-content/lists#write-numbered-lists-if-the-order-is-critical,Avoid using in-line numbered lists.,In-line numbered lists (e.g. '1. item one 2. item two' within a paragraph) should not be used. Content that needs to be numbered should be formatted as a proper numbered list.,,,warn,7,5,regex,\b1\.\s.+\b2\.\s,"lists,numbered-lists,formatting"
LISTS-030,Lists.md,https://www.stylemanual.gov.au/structuring-content/lists,Put unordered lists in a sequence that helps the user,#put-unordered-lists-in-a-sequence-that-helps-the-user,https://www.stylemanual.gov.au/structuring-content/lists#put-unordered-lists-in-a-sequence-that-helps-the-user,Order unordered list items logically or alphabetically.,"Unordered (bullet) lists should not be arranged arbitrarily. Items should follow a logical sequence or alphabetical order to help users find and understand information.",,,info,5,2,manual,,lists,formatting
LISTS-031,Lists.md,https://www.stylemanual.gov.au/structuring-content/lists,Avoid using a multilevel list,#avoid-using-a-multilevel-list,https://www.stylemanual.gov.au/structuring-content/lists#avoid-using-a-multilevel-list,Avoid using multilevel lists; use them only when necessary.,Multilevel lists add complexity and should be avoided. If a multilevel list is genuinely required it must have no more than 2 levels of nesting.,,,warn,7,5,structural,,lists,multilevel-lists
LISTS-032,Lists.md,https://www.stylemanual.gov.au/structuring-content/lists,Avoid using a multilevel list,#avoid-using-a-multilevel-list,https://www.stylemanual.gov.au/structuring-content/lists#avoid-using-a-multilevel-list,Do not use more than 2 levels in a multilevel list.,If a multilevel list is used it must not exceed 2 levels of nesting. More than 2 levels creates complexity that makes content hard to follow.,,,error,9,6,structural,,lists,multilevel-lists
LISTS-033,Lists.md,https://www.stylemanual.gov.au/structuring-content/lists,Avoid using a multilevel list,#avoid-using-a-multilevel-list,https://www.stylemanual.gov.au/structuring-content/lists#avoid-using-a-multilevel-list,Use lowercase letters for the second level of a numbered multilevel list.,When a numbered multilevel list requires a second level the items at that level should use lowercase letters. This distinguishes second-level items from first-level numbered items.,,,error,8,5,structural,,lists,multilevel-lists,formatting
LISTS-034,Lists.md,https://www.stylemanual.gov.au/structuring-content/lists,Avoid using a multilevel list,#avoid-using-a-multilevel-list,https://www.stylemanual.gov.au/structuring-content/lists#avoid-using-a-multilevel-list,Use a dash for the second level of a bullet multilevel list.,When a bullet multilevel list requires a second level use a dash (–) for those items. This visually differentiates second-level items from first-level bullet items.,,,error,8,7,regex,^\s{2,}[-–]\s,"lists,multilevel-lists,formatting"
LISTS-035,Lists.md,https://www.stylemanual.gov.au/structuring-content/lists,Avoid using a multilevel list,#avoid-using-a-multilevel-list,https://www.stylemanual.gov.au/structuring-content/lists#avoid-using-a-multilevel-list,Use the same style for all items at the same level of a multilevel list.,All items at the same level within a multilevel list must follow the same formatting style. Mixing styles at the same level is inconsistent and harder to read.,,,error,8,4,structural,,lists,multilevel-lists,formatting